{"stats":{"minecraft:killed":{"minecraft:pig":3,"graveyard:revenant":1,"minecraft:spider":1,"minecraft:skeleton":4,"minecraft:zombie":2,"minecraft:cow":1},"minecraft:crafted":{"minecraft:oak_planks":16,"minecraft:cooked_porkchop":8,"minecraft:crafting_table":1,"minecraft:spruce_planks":64,"minecraft:wooden_pickaxe":1,"minecraft:stone_axe":1,"minecraft:air":0,"minecraft:stick":16,"minecraft:stone_pickaxe":1,"minecraft:stone_sword":1,"minecraft:chest":2},"minecraft:mined":{"minecraft:clay":1,"caupona:wolfberry_log":4,"minecraft:cobblestone":1,"minecraft:spruce_leaves":4,"minecraft:moss_block":1,"minecraft:large_fern":6,"minecraft:iron_ore":7,"minecraft:spruce_log":17,"minecraft:grass":1,"minecraft:oak_log":15,"minecraft:pointed_dripstone":1,"minecraft:coal_ore":30,"minecraft:cave_vines":1,"minecraft:deepslate_iron_ore":1,"minecraft:flowering_azalea_leaves":1,"caupona:wolfberry_fruits":1,"minecraft:azalea_leaves":1,"minecraft:stone":12,"minecraft:oak_leaves":8},"minecraft:custom":{"minecraft:interact_with_furnace":6,"minecraft:mob_kills":13,"minecraft:interact_with_crafting_table":4,"minecraft:open_barrel":1,"minecraft:time_since_death":19455,"minecraft:climb_one_cm":152,"minecraft:time_since_rest":19483,"minecraft:sprint_one_cm":118891,"minecraft:damage_taken":835,"minecraft:walk_one_cm":89142,"minecraft:damage_blocked_by_shield":660,"minecraft:damage_dealt":2069,"minecraft:swim_one_cm":15829,"minecraft:fly_one_cm":232553,"minecraft:open_chest":4,"minecraft:sneak_time":252,"minecraft:crouch_one_cm":544,"minecraft:play_time":29725,"minecraft:deaths":1,"minecraft:walk_under_water_one_cm":2683,"minecraft:jump":924,"minecraft:walk_on_water_one_cm":4928,"minecraft:total_world_time":29725,"minecraft:fall_one_cm":32926},"minecraft:used":{"minecraft:moss_block":1,"minecraft:stone_sword":53,"minecraft:stone_pickaxe":48,"tconstruct:travelers_shield":17,"minecraft:chest":2,"minecraft:wooden_pickaxe":8,"minecraft:crafting_table":1,"minecraft:apple":2,"minecraft:stone_axe":40,"minecraft:cooked_porkchop":5,"minecraft:cooked_beef":4},"minecraft:picked_up":{"minecraft:cooked_beef":4,"tconstruct:travelers_shield":1,"minecraft:clay_ball":4,"minecraft:leather":1,"minecraft:wooden_pickaxe":1,"minecraft:oak_log":15,"minecraft:bone":2,"minecraft:apple":2,"minecraft:wheat_seeds":1,"minecraft:beef":3,"minecraft:moss_block":1,"minecraft:oak_planks":7,"minecraft:stick":16,"minecraft:raw_iron":8,"patchouli:guide_book":1,"caupona:wolfberries":2,"minecraft:porkchop":9,"minecraft:spruce_sapling":4,"minecraft:pointed_dripstone":1,"minecraft:spruce_log":16,"minecraft:arrow":5,"minecraft:rotten_flesh":1,"minecraft:oak_sapling":3,"minecraft:glow_berries":1,"minecraft:coal":30,"minecraft:cobblestone":13}},"DataVersion":3120}