{"stats":{"minecraft:crafted":{"minecraft:crafting_table":1,"minecraft:oak_planks":16},"minecraft:mined":{"minecraft:oak_log":4,"minecraft:oak_leaves":6},"minecraft:custom":{"minecraft:jump":134,"minecraft:time_since_rest":5725,"minecraft:crouch_one_cm":287,"minecraft:sprint_one_cm":19119,"minecraft:play_time":5725,"minecraft:damage_taken":10,"minecraft:time_since_death":5725,"minecraft:walk_one_cm":17209,"minecraft:sneak_time":159,"minecraft:climb_one_cm":120,"minecraft:total_world_time":5725,"minecraft:fall_one_cm":3379,"minecraft:fly_one_cm":40644},"minecraft:used":{"minecraft:apple":1},"minecraft:picked_up":{"minecraft:oak_log":4,"minecraft:stick":1,"minecraft:apple":1}},"DataVersion":3120}