{"stats":{"minecraft:killed":{"minecraft:skeleton":2,"minecraft:zombie":1,"minecraft:cow":1},"minecraft:crafted":{"minecraft:oak_planks":16,"minecraft:cooked_porkchop":3,"minecraft:crafting_table":1,"minecraft:spruce_planks":64,"minecraft:stick":16,"minecraft:wooden_pickaxe":1,"minecraft:stone_pickaxe":1,"minecraft:stone_sword":1,"minecraft:chest":2,"minecraft:stone_axe":1,"minecraft:air":0},"minecraft:mined":{"minecraft:iron_ore":5,"minecraft:spruce_log":17,"minecraft:clay":1,"minecraft:cave_vines":1,"caupona:wolfberry_log":4,"minecraft:pointed_dripstone":1,"minecraft:coal_ore":8,"minecraft:oak_log":15,"minecraft:deepslate_iron_ore":1,"caupona:wolfberry_fruits":1,"minecraft:spruce_leaves":1,"minecraft:stone":10,"minecraft:moss_block":1,"minecraft:oak_leaves":8},"minecraft:custom":{"minecraft:time_since_rest":7483,"minecraft:interact_with_furnace":5,"minecraft:sprint_one_cm":65639,"minecraft:damage_taken":430,"minecraft:walk_one_cm":60745,"minecraft:damage_blocked_by_shield":300,"minecraft:mob_kills":4,"minecraft:damage_dealt":610,"minecraft:interact_with_crafting_table":4,"minecraft:swim_one_cm":5460,"minecraft:fly_one_cm":97384,"minecraft:open_chest":3,"minecraft:crouch_one_cm":468,"minecraft:play_time":17725,"minecraft:deaths":1,"minecraft:sneak_time":213,"minecraft:walk_under_water_one_cm":1285,"minecraft:jump":444,"minecraft:walk_on_water_one_cm":1319,"minecraft:time_since_death":7455,"minecraft:climb_one_cm":120,"minecraft:total_world_time":17725,"minecraft:fall_one_cm":20776},"minecraft:used":{"minecraft:moss_block":1,"minecraft:stone_sword":12,"minecraft:apple":1,"minecraft:stone_pickaxe":20,"tconstruct:travelers_shield":8,"minecraft:chest":2,"minecraft:wooden_pickaxe":8,"minecraft:stone_axe":40,"minecraft:crafting_table":1,"minecraft:cooked_porkchop":2,"minecraft:cooked_beef":1},"minecraft:picked_up":{"minecraft:raw_iron":6,"minecraft:stick":16,"minecraft:cooked_beef":4,"tconstruct:travelers_shield":1,"minecraft:clay_ball":4,"patchouli:guide_book":1,"minecraft:leather":1,"caupona:wolfberries":2,"minecraft:wooden_pickaxe":1,"minecraft:oak_log":15,"minecraft:spruce_sapling":4,"minecraft:pointed_dripstone":1,"minecraft:spruce_log":16,"minecraft:arrow":1,"minecraft:bone":2,"minecraft:rotten_flesh":1,"minecraft:apple":2,"minecraft:beef":3,"minecraft:glow_berries":1,"minecraft:oak_sapling":3,"minecraft:moss_block":1,"minecraft:coal":8,"minecraft:oak_planks":7,"minecraft:cobblestone":10}},"DataVersion":3120}