{"stats":{"minecraft:used":{"minecraft:spruce_door":1,"minecraft:birch_planks":5,"minecraft:stone_pickaxe":13,"tconstruct:travelers_shield":12,"minecraft:spruce_planks":1,"minecraft:wooden_pickaxe":23,"minecraft:iron_sword":87,"graveyard:oak_coffin":1,"minecraft:dirt":2,"minecraft:crafting_table":4,"minecraft:carrot":2,"caupona:fig":1,"minecraft:birch_slab":1,"minecraft:bread":1,"graveyard:gravestone":1,"caupona:walnut":1,"minecraft:fire_charge":1,"minecraft:wooden_sword":59,"minecraft:cobblestone":3,"minecraft:furnace":1,"minecraft:porkchop":2,"minecraft:cooked_beef":13},"minecraft:custom":{"minecraft:interact_with_furnace":10,"minecraft:mob_kills":46,"minecraft:interact_with_crafting_table":13,"minecraft:open_barrel":3,"minecraft:leave_game":1,"minecraft:time_since_death":8696,"minecraft:sleep_in_bed":3,"minecraft:climb_one_cm":2976,"minecraft:time_since_rest":8732,"minecraft:sprint_one_cm":149011,"minecraft:damage_taken":1925,"minecraft:walk_one_cm":130641,"minecraft:damage_blocked_by_shield":630,"minecraft:drop":17,"minecraft:damage_dealt":5827,"minecraft:talked_to_villager":1,"minecraft:fly_one_cm":182506,"minecraft:swim_one_cm":24014,"minecraft:open_chest":17,"minecraft:crouch_one_cm":24,"minecraft:play_time":59499,"minecraft:deaths":3,"minecraft:sneak_time":176,"minecraft:walk_under_water_one_cm":3605,"minecraft:jump":846,"minecraft:walk_on_water_one_cm":7570,"minecraft:total_world_time":59499,"minecraft:horse_one_cm":8267,"minecraft:fall_one_cm":18502},"minecraft:broken":{"minecraft:wooden_sword":1},"minecraft:mined":{"minecraft:white_bed":1,"minecraft:dandelion":3,"minecraft:cornflower":2,"minecraft:crafting_table":2,"minecraft:grass_block":1,"minecraft:copper_ore":1,"caupona:fig_fruits":1,"minecraft:tall_grass":1,"graveyard:tg_grass_block":1,"minecraft:lapis_ore":4,"caupona:walnut_fruits":1,"minecraft:oxeye_daisy":1,"graveyard:gravestone":1,"minecraft:spawner":1,"minecraft:large_fern":1,"minecraft:hay_block":18,"graveyard:oak_coffin":1,"minecraft:furnace":1,"minecraft:birch_log":5,"minecraft:fire":1,"minecraft:lilac":1,"minecraft:spruce_log":4,"minecraft:pumpkin":2,"minecraft:orange_tulip":1,"minecraft:peony":1,"minecraft:grass":16,"minecraft:coal_ore":9,"minecraft:oak_log":4,"minecraft:dirt":1,"minecraft:stone":18,"caupona:fig_log":1},"minecraft:dropped":{"minecraft:furnace":1,"minecraft:stone_axe":1,"minecraft:wheat_seeds":1,"minecraft:lilac":4,"minecraft:orange_tulip":1,"minecraft:rotten_flesh":2,"minecraft:leather":1,"minecraft:stick":3,"minecraft:oxeye_daisy":1,"minecraft:dirt":1,"minecraft:gunpowder":1,"minecraft:stone_pickaxe":1,"graveyard:oak_coffin":1,"minecraft:dandelion":3},"minecraft:killed":{"minecraft:piglin":4,"minecraft:pig":5,"graveyard:corrupted_vindicator":2,"minecraft:spider":3,"epicsamurai:onibi":1,"minecraft:sheep":10,"minecraft:skeleton":3,"minecraft:zombie":8,"minecraft:cow":9},"minecraft:picked_up":{"minecraft:birch_log":5,"tconstruct:travelers_shield":2,"minecraft:crafting_table":2,"minecraft:wheat":10,"minecraft:lilac":12,"minecraft:cooked_beef":4,"minecraft:leather":18,"caupona:fig":1,"minecraft:oak_log":4,"minecraft:gunpowder":1,"minecraft:lapis_lazuli":28,"minecraft:cornflower":1,"minecraft:string":8,"minecraft:dirt":12,"minecraft:raw_copper":4,"minecraft:wooden_sword":1,"minecraft:bone":5,"graveyard:corruption":1,"minecraft:orange_tulip":1,"minecraft:bow":2,"minecraft:wheat_seeds":1,"graveyard:gravestone":1,"minecraft:beef":13,"minecraft:iron_ingot":10,"minecraft:stone_pickaxe":1,"minecraft:cobweb":9,"minecraft:light_gray_wool":1,"minecraft:spruce_slab":2,"minecraft:birch_sapling":2,"minecraft:furnace":2,"minecraft:stick":5,"minecraft:pumpkin":2,"patchouli:guide_book":2,"minecraft:dandelion":3,"minecraft:spruce_fence":6,"minecraft:fire_charge":1,"minecraft:porkchop":10,"minecraft:white_bed":1,"minecraft:spruce_log":4,"minecraft:redstone":4,"minecraft:spruce_door":4,"minecraft:spider_eye":2,"caupona:walnut":2,"graveyard:oak_coffin":2,"minecraft:arrow":2,"minecraft:rotten_flesh":8,"minecraft:stone_axe":1,"minecraft:peony":10,"minecraft:hay_block":20,"minecraft:spruce_sign":3,"minecraft:golden_horse_armor":2,"minecraft:mutton":15,"minecraft:coal":16,"minecraft:white_wool":9,"minecraft:cobblestone":20,"minecraft:oxeye_daisy":1},"minecraft:crafted":{"minecraft:cooked_beef":16,"minecraft:wooden_sword":1,"tconstruct:pattern":6,"minecraft:oak_planks":16,"minecraft:crafting_table":3,"minecraft:spruce_planks":16,"minecraft:wooden_pickaxe":2,"minecraft:iron_sword":1,"minecraft:spruce_door":3,"minecraft:birch_slab":6,"minecraft:furnace":1,"minecraft:birch_planks":16,"tconstruct:travelers_shield":1,"minecraft:air":0,"minecraft:stick":16,"minecraft:iron_pickaxe":1,"minecraft:stone_pickaxe":1},"minecraft:killed_by":{"minecraft:spider":1,"graveyard:corrupted_vindicator":1,"epicsamurai:kitsune":1}},"DataVersion":3120}