{"stats":{"minecraft:broken":{"minecraft:wooden_axe":1},"minecraft:killed":{"minecraft:pig":6,"minecraft:sheep":16,"minecraft:skeleton":2,"minecraft:zombie":6,"minecraft:chicken":3,"minecraft:cow":7},"minecraft:killed_by":{"minecraft:skeleton":1,"minecraft:spider":1},"minecraft:dropped":{"minecraft:cooked_beef":4,"tconstruct:travelers_shield":1},"minecraft:crafted":{"minecraft:cooked_beef":4,"tconstruct:pattern":9,"minecraft:oak_planks":64,"minecraft:cooked_porkchop":6,"minecraft:crafting_table":1,"minecraft:wooden_pickaxe":1,"minecraft:cooked_chicken":3,"minecraft:furnace":1,"tconstruct:travelers_shield":2,"minecraft:stone_axe":1,"minecraft:air":0,"minecraft:charcoal":3,"minecraft:stick":16,"minecraft:stone_pickaxe":1,"minecraft:wooden_axe":1,"minecraft:stone_sword":2},"minecraft:mined":{"minecraft:crafting_table":1,"minecraft:grass_block":5,"minecraft:cobblestone":2,"minecraft:spruce_log":21,"minecraft:grass":3,"minecraft:oak_log":21,"minecraft:coal_ore":9,"caupona:wolfberry_fruits":1,"minecraft:dirt":1,"caupona:fumarole_vent":1,"minecraft:stone":23,"minecraft:oak_leaves":2},"minecraft:custom":{"minecraft:interact_with_furnace":15,"minecraft:mob_kills":40,"minecraft:interact_with_crafting_table":14,"minecraft:time_since_death":11793,"minecraft:climb_one_cm":928,"minecraft:time_since_rest":11835,"minecraft:sprint_one_cm":43591,"minecraft:damage_taken":630,"minecraft:walk_one_cm":161159,"minecraft:damage_blocked_by_shield":30,"minecraft:drop":2,"minecraft:damage_dealt":4422,"minecraft:swim_one_cm":2478,"minecraft:fly_one_cm":23903,"minecraft:open_chest":7,"minecraft:crouch_one_cm":212,"minecraft:play_time":29664,"minecraft:deaths":2,"minecraft:sneak_time":572,"minecraft:walk_under_water_one_cm":363,"minecraft:jump":459,"minecraft:walk_on_water_one_cm":3700,"minecraft:total_world_time":29664,"minecraft:fall_one_cm":4780},"minecraft:used":{"minecraft:stone_sword":95,"tconstruct:travelers_shield":1,"minecraft:wooden_pickaxe":36,"minecraft:cooked_chicken":2,"minecraft:crafting_table":2,"minecraft:spruce_log":4,"minecraft:wooden_axe":49,"minecraft:apple":3,"minecraft:stone_axe":4,"minecraft:cobblestone":2,"minecraft:furnace":1},"minecraft:picked_up":{"minecraft:crafting_table":1,"minecraft:feather":5,"minecraft:chicken":3,"minecraft:leather":5,"minecraft:brown_wool":1,"minecraft:oak_log":21,"minecraft:gunpowder":2,"minecraft:dirt":6,"minecraft:bone":4,"minecraft:apple":3,"minecraft:wheat_seeds":1,"minecraft:beef":13,"minecraft:stick":2,"caupona:wolfberries":1,"minecraft:porkchop":14,"minecraft:spruce_sapling":4,"minecraft:spruce_log":21,"minecraft:arrow":2,"minecraft:rotten_flesh":6,"minecraft:oak_sapling":2,"minecraft:mutton":24,"minecraft:coal":9,"minecraft:white_wool":15,"minecraft:cobblestone":25}},"DataVersion":3120}