{"stats":{"minecraft:used":{"minecraft:stone_sword":119,"minecraft:stone_pickaxe":159,"tconstruct:travelers_shield":5,"minecraft:wooden_pickaxe":19,"minecraft:iron_sword":2,"minecraft:torch":4,"minecraft:crafting_table":9,"minecraft:white_bed":1,"minecraft:dripstone_block":12,"minecraft:smoker":1,"minecraft:wooden_axe":24,"minecraft:iron_pickaxe":2,"minecraft:light_blue_bed":3,"minecraft:stone_axe":41,"minecraft:cobblestone":2,"minecraft:furnace":4,"minecraft:cooked_porkchop":6,"minecraft:birch_log":4,"minecraft:cooked_beef":4},"minecraft:custom":{"minecraft:interact_with_furnace":31,"minecraft:mob_kills":37,"minecraft:interact_with_crafting_table":23,"minecraft:open_barrel":3,"minecraft:eat_cake_slice":2,"minecraft:leave_game":1,"minecraft:time_since_death":20367,"minecraft:sleep_in_bed":3,"minecraft:climb_one_cm":4558,"minecraft:time_since_rest":20450,"minecraft:sprint_one_cm":102311,"minecraft:damage_taken":2343,"minecraft:walk_one_cm":293489,"minecraft:damage_blocked_by_shield":195,"minecraft:drop":8,"minecraft:damage_dealt":4323,"minecraft:swim_one_cm":30658,"minecraft:talked_to_villager":3,"minecraft:fly_one_cm":74220,"minecraft:open_chest":22,"minecraft:crouch_one_cm":17614,"minecraft:play_time":81135,"minecraft:deaths":5,"minecraft:sneak_time":4330,"minecraft:walk_under_water_one_cm":12433,"minecraft:jump":850,"minecraft:interact_with_blast_furnace":3,"minecraft:walk_on_water_one_cm":21263,"minecraft:total_world_time":81135,"minecraft:horse_one_cm":8347,"minecraft:fall_one_cm":24712},"minecraft:mined":{"minecraft:smoker":1,"minecraft:dandelion":3,"minecraft:crafting_table":8,"minecraft:grass_block":4,"minecraft:rose_bush":2,"caupona:fig_fruits":6,"minecraft:tall_grass":8,"minecraft:copper_ore":3,"caupona:walnut_fruits":2,"minecraft:spawner":1,"minecraft:hay_block":5,"minecraft:light_blue_bed":3,"minecraft:furnace":3,"minecraft:birch_log":33,"minecraft:iron_ore":15,"minecraft:lilac":1,"minecraft:birch_leaves":2,"minecraft:pumpkin":2,"minecraft:peony":1,"minecraft:grass":12,"minecraft:coal_ore":56,"minecraft:deepslate_iron_ore":2,"minecraft:dripstone_block":13,"minecraft:dirt":4,"caupona:walnut_leaves":1,"minecraft:stone":81,"minecraft:deepslate":1,"caupona:fig_log":6},"minecraft:dropped":{"minecraft:stone_sword":1,"epicsamurai:onyx":1,"minecraft:leather":1,"minecraft:wooden_axe":2,"minecraft:stone_pickaxe":1,"minecraft:wooden_pickaxe":2},"minecraft:killed":{"epicsamurai:enenra":1,"minecraft:piglin":3,"minecraft:pig":8,"minecraft:salmon":3,"minecraft:spider":1,"minecraft:sheep":4,"minecraft:skeleton":1,"minecraft:zombie":8,"graveyard:corrupted_pillager":1,"minecraft:cow":6},"minecraft:picked_up":{"minecraft:wooden_axe":2,"minecraft:birch_log":47,"minecraft:charcoal":10,"minecraft:crafting_table":10,"minecraft:cooked_beef":1,"minecraft:lilac":2,"tconstruct:travelers_shield":1,"minecraft:salmon":3,"minecraft:leather":10,"tconstruct:materials_and_you":2,"minecraft:wooden_pickaxe":2,"minecraft:smoker":1,"caupona:fig":6,"minecraft:birch_planks":94,"minecraft:dirt":8,"minecraft:string":3,"minecraft:raw_copper":24,"caupona:fig_sapling":1,"minecraft:bone":16,"graveyard:corruption":3,"minecraft:bow":2,"minecraft:cobbled_deepslate":1,"minecraft:wheat_seeds":1,"minecraft:stone_pickaxe":1,"minecraft:beef":19,"minecraft:iron_ingot":2,"minecraft:rose_bush":2,"minecraft:iron_nugget":2,"minecraft:furnace":4,"minecraft:egg":4,"minecraft:raw_iron":17,"epicsamurai:onyx":3,"minecraft:stick":26,"minecraft:pumpkin":2,"patchouli:guide_book":3,"minecraft:dandelion":2,"minecraft:dripstone_block":13,"minecraft:porkchop":16,"minecraft:pointed_dripstone":1,"minecraft:light_blue_bed":5,"caupona:walnut":2,"minecraft:arrow":1,"minecraft:stone_sword":2,"minecraft:rotten_flesh":7,"minecraft:stone_axe":1,"minecraft:peony":2,"minecraft:hay_block":5,"minecraft:spruce_sign":5,"minecraft:gold_ingot":4,"tconstruct:pattern":4,"minecraft:coal":55,"minecraft:mutton":7,"minecraft:white_wool":4,"minecraft:cobblestone":99,"minecraft:ender_pearl":6},"minecraft:crafted":{"minecraft:cooked_beef":5,"tconstruct:pattern":9,"minecraft:cooked_porkchop":16,"minecraft:crafting_table":3,"minecraft:wooden_pickaxe":2,"minecraft:iron_sword":1,"minecraft:furnace":3,"minecraft:birch_planks":68,"tconstruct:travelers_shield":2,"minecraft:stone_axe":2,"minecraft:bread":15,"minecraft:air":0,"minecraft:iron_chestplate":1,"minecraft:charcoal":7,"minecraft:shield":1,"minecraft:stick":20,"minecraft:iron_ingot":17,"minecraft:iron_pickaxe":1,"minecraft:stone_pickaxe":2,"minecraft:wooden_axe":1,"minecraft:stone_sword":1,"minecraft:white_bed":1,"minecraft:torch":36,"minecraft:wheat":45},"minecraft:killed_by":{"minecraft:husk":1,"minecraft:skeleton":1,"epicsamurai:onibi":1,"minecraft:spider":1,"graveyard:corrupted_vindicator":1}},"DataVersion":3120}