{"stats":{"minecraft:crafted":{"minecraft:oak_planks":36,"minecraft:crafting_table":1,"minecraft:stick":8,"minecraft:wooden_pickaxe":1,"minecraft:wooden_axe":1},"minecraft:mined":{"minecraft:oak_log":9,"caupona:wolfberry_fruits":1,"minecraft:oak_leaves":2,"minecraft:crafting_table":1},"minecraft:custom":{"minecraft:time_since_rest":5664,"minecraft:play_time":5664,"minecraft:sprint_one_cm":22464,"minecraft:walk_one_cm":23460,"minecraft:sneak_time":169,"minecraft:jump":107,"minecraft:time_since_death":5664,"minecraft:walk_on_water_one_cm":59,"minecraft:total_world_time":5664,"minecraft:fall_one_cm":1372,"minecraft:interact_with_crafting_table":1,"minecraft:fly_one_cm":11638},"minecraft:used":{"minecraft:wooden_axe":1,"minecraft:crafting_table":1},"minecraft:picked_up":{"minecraft:crafting_table":1,"caupona:wolfberries":1,"minecraft:oak_log":9}},"DataVersion":3120}