{"stats":{"minecraft:broken":{"minecraft:wooden_axe":1},"minecraft:killed":{"minecraft:skeleton":2,"minecraft:zombie":4,"minecraft:pig":4,"minecraft:chicken":3,"minecraft:cow":3},"minecraft:killed_by":{"minecraft:skeleton":1},"minecraft:dropped":{"minecraft:cooked_beef":4,"tconstruct:travelers_shield":1},"minecraft:crafted":{"minecraft:cooked_beef":4,"tconstruct:pattern":9,"minecraft:oak_planks":36,"minecraft:charcoal":3,"minecraft:crafting_table":1,"minecraft:stick":16,"minecraft:cooked_chicken":3,"minecraft:wooden_pickaxe":1,"minecraft:wooden_axe":1,"minecraft:stone_sword":1,"minecraft:furnace":1,"tconstruct:travelers_shield":2,"minecraft:stone_axe":1,"minecraft:air":0},"minecraft:mined":{"minecraft:spruce_log":17,"minecraft:crafting_table":1,"minecraft:grass_block":2,"minecraft:oak_log":21,"caupona:wolfberry_fruits":1,"caupona:fumarole_vent":1,"minecraft:cobblestone":2,"minecraft:stone":17,"minecraft:oak_leaves":2},"minecraft:custom":{"minecraft:time_since_rest":1393,"minecraft:damage_taken":510,"minecraft:interact_with_furnace":7,"minecraft:sprint_one_cm":28273,"minecraft:walk_one_cm":98617,"minecraft:damage_blocked_by_shield":30,"minecraft:mob_kills":16,"minecraft:drop":2,"minecraft:damage_dealt":2153,"minecraft:interact_with_crafting_table":7,"minecraft:fly_one_cm":15369,"minecraft:open_chest":1,"minecraft:crouch_one_cm":212,"minecraft:play_time":17664,"minecraft:deaths":1,"minecraft:sneak_time":572,"minecraft:jump":269,"minecraft:walk_on_water_one_cm":59,"minecraft:time_since_death":1349,"minecraft:total_world_time":17664,"minecraft:climb_one_cm":248,"minecraft:fall_one_cm":2059},"minecraft:used":{"minecraft:wooden_axe":49,"minecraft:apple":1,"minecraft:stone_sword":36,"tconstruct:travelers_shield":1,"minecraft:wooden_pickaxe":20,"minecraft:cooked_chicken":1,"minecraft:cobblestone":2,"minecraft:crafting_table":2,"minecraft:furnace":1},"minecraft:picked_up":{"minecraft:stick":2,"minecraft:crafting_table":1,"minecraft:feather":5,"minecraft:chicken":3,"minecraft:leather":4,"caupona:wolfberries":1,"minecraft:porkchop":9,"minecraft:oak_log":21,"minecraft:spruce_sapling":4,"minecraft:gunpowder":2,"minecraft:spruce_log":17,"minecraft:dirt":2,"minecraft:bone":4,"minecraft:arrow":2,"minecraft:rotten_flesh":3,"minecraft:apple":3,"minecraft:beef":4,"minecraft:oak_sapling":2,"minecraft:cobblestone":19}},"DataVersion":3120}